oper_dt;min_credit;max_credit;min_debet;max_debet
2018-01-12;193.86000061035156;99249.71875;464.9700012207031;99489.546875
